Cz,Fz,Fp1,F7,F3,FC1,C3,FC5,FT9,T7,CP5,CP1,P3,P7,PO9,O1,Pz,Oz,O2,PO10,P8,P4,CP2,CP6,T8,FT10,FC6,C4,FC2,F4,F8,Fp2,timestamp
-0.4522011139085981,-0.4604409857328141,0.1021591515983829,-0.6336308842603185,-0.3591210803387499,-0.5301747158007167,-0.4874494544899668,-0.4087129015030132,-0.3548485542076749,-0.3238727397573812,-0.4076447699702445,-0.5074387731746391,-0.4581521324483096,-0.1938658731975276,-0.2437628747997249,-0.3778896772716865,-0.4924849317158766,-0.3957427328908213,-0.3156328679331651,-0.1187914854657812,-0.3229571984435794,-0.4068818188754097,-0.5107957579919123,-0.4094758525978481,-0.4166475928892954,-0.4171053635461963,-0.3304341191729606,-0.4505226214999615,-0.3954375524528873,-0.1100938429846642,-0.4776836804760811,0.033798733501183,90.359375
-0.4840924696726936,-0.4923323414969097,0.0698100251773865,-0.6652170595864801,-0.3910124361028454,-0.5619134813458453,-0.5191882200350953,-0.4406042572671088,-0.3775844968337525,-0.3398947127489124,-0.439383535515373,-0.5391775387197677,-0.4900434882124052,-0.2259098191805901,-0.2758068207827874,-0.409781033035782,-0.5242236972610053,-0.4276340886549168,-0.3476768139162275,-0.1509880216678106,-0.3548485542076749,-0.4387731746395052,-0.5425345235370409,-0.4412146181429766,-0.4485389486533909,-0.4489967193102918,-0.3623254749370561,-0.482413977264057,-0.4273289082169829,-0.1421377889677267,-0.4685282673380632,0.0666056305790803,90.3671875
-0.5158312352178221,-0.5240711070420382,0.0374608987563901,-0.6968032349126417,-0.4229037918669409,-0.5936522468909738,-0.5509269855802239,-0.4723430228122373,-0.4094758525978481,-0.3719386587319749,-0.4712748912794686,-0.5709163042648963,-0.5217822537575338,-0.2579537651636526,-0.3078507667658499,-0.4416723887998775,-0.5559624628061338,-0.4595254444190123,-0.3795681696803231,-0.1830319676508731,-0.3867399099717704,-0.4706645304036007,-0.5742732890821695,-0.4731059739070721,-0.4802777141985195,-0.4808880750743873,-0.3942168307011516,-0.5141527428091855,-0.4590676737621114,-0.1743343251697562,-0.5004196231021588,0.0342565041580839,90.375
-0.5245288776989392,-0.533836881055924,0.0702677958342874,-0.6966506446936748,-0.4460975051499195,-0.6084534981307694,-0.5555046921492328,-0.4790569924467838,-0.4346532387273972,-0.3936064698252838,-0.4636453803311204,-0.5646601052872507,-0.5089646753643088,-0.2362859540703437,-0.2747386892500187,-0.4155794613565267,-0.5538261997405963,-0.4386205844205382,-0.3704127565423052,-0.1859311818112455,-0.3875028610666052,-0.4670023651483936,-0.5701533531700614,-0.4665445944914927,-0.4854657816433962,-0.4900434882124052,-0.3830777447165633,-0.5156786449988553,-0.4679179064621954,-0.1992065308613713,-0.5321583886472874,0.0019073777370874,90.3828125
-0.4912642099641409,-0.5005722133211258,0.1029221026932177,-0.6754406042572667,-0.4128328374151213,-0.5750362401770043,-0.5220874341954678,-0.4457923247119856,-0.4015411612115659,-0.3603418020904856,-0.4303807125963222,-0.5313954375524526,-0.4757000076295105,-0.2077515831235213,-0.2416266117341874,-0.3824673838406954,-0.5205615320057981,-0.40535591668574,-0.337300679026474,-0.1529716945143812,-0.354238193331807,-0.4338902876325624,-0.5367360952162963,-0.4332799267566945,-0.4522011139085981,-0.456778820477607,-0.349965667200732,-0.482413977264057,-0.4346532387273972,-0.1662470435645071,-0.4988937209124891,0.0127412832837419,90.390625
-0.4851606012054623,-0.4886701762417025,0.0705729762722213,-0.6942092011902034,-0.3908598458838784,-0.5657282368200195,-0.5190356298161285,-0.4531166552223998,-0.3919279774166472,-0.3482871747920954,-0.4264133669031811,-0.5323109788662543,-0.4752422369726096,-0.2162966353856713,-0.2660410467689017,-0.3826199740596623,-0.516899366750591,-0.3952849622339204,-0.3220416571297776,-0.1200122072175169,-0.3359273670557713,-0.4251926451514454,-0.5332265201800561,-0.4297703517204543,-0.4496070801861597,-0.4589150835431445,-0.3444724193179213,-0.47371633478294,-0.4209201190203704,-0.1332875562676428,-0.503929198138399,0.0455481803616392,90.3984375
-0.4975204089417864,-0.5107957579919123,0.0382238498512249,-0.6797131303883417,-0.422751201647974,-0.5907530327306016,-0.5303273060196838,-0.4663920042725257,-0.3955901426718543,-0.3612573434042874,-0.4320592050049588,-0.5410086213473713,-0.4767681391622793,-0.2098878461890588,-0.2944228274967571,-0.3745326924544133,-0.5133897917143507,-0.3856717784390017,-0.3080033569848169,-0.0872053101396196,-0.3197528038452731,-0.4145113298237579,-0.5356679636835275,-0.4236667429617757,-0.4445716029602498,-0.4641031509880213,-0.3318074311436633,-0.4702067597466998,-0.4291599908445864,-0.1387808041504535,-0.5193408102540624,0.0782024872205695,90.40625
-0.529259174486915,-0.5425345235370409,0.0412756542305642,-0.6893263141832605,-0.4546425574120695,-0.6224917982757302,-0.5620660715648124,-0.4859235523002971,-0.4172579537651633,-0.388570992599374,-0.4639505607690543,-0.5727473868924998,-0.5085069047074079,-0.2364385442893106,-0.3264667734798195,-0.4064240482185088,-0.5451285572594793,-0.4175631342030972,-0.3398947127489124,-0.1192492561226821,-0.3516441596093687,-0.4464026855878534,-0.5674067292286561,-0.4555580987258713,-0.4764629587243453,-0.4845502403295945,-0.3636987869077588,-0.5019455252918285,-0.461051346608682,-0.170977340352483,-0.5219348439765007,0.1108567940794999,90.4140625
-0.5609979400320435,-0.5742732890821695,0.0089265278095678,-0.7209124895094221,-0.4757000076295105,-0.6540779736018917,-0.5938048371099409,-0.5178149080643928,-0.4491493095292588,-0.4203097581445025,-0.4956893263141829,-0.6044861524376284,-0.5403982604715034,-0.2684824902723731,-0.3546959639887079,-0.4383154039826043,-0.5768673228046078,-0.4493018997482257,-0.3717860685130079,-0.1514457923247115,-0.3836881055924311,-0.478141451132982,-0.5991454947737846,-0.4872968642709998,-0.508201724269474,-0.51644159609369,-0.3955901426718543,-0.533684290836957,-0.4927901121538106,-0.2030212863355454,-0.5536736095216293,0.0785076676585035,90.421875
-0.5275806820782785,-0.5408560311284043,0.0417334248874651,-0.6873426413366899,-0.4424353398947123,-0.6206607156481266,-0.5603875791561757,-0.4843976501106275,-0.4158846417944606,-0.3871976806286713,-0.4624246585793847,-0.5710688944838632,-0.5069810025177383,-0.2353704127565419,-0.3215838864728767,-0.4050507362478061,-0.5434500648508427,-0.4160372320134275,-0.3386739909971767,-0.1184863050278473,-0.3504234378576329,-0.4448767833981837,-0.5657282368200195,-0.4540321965362016,-0.4749370565346757,-0.4831769283588918,-0.3624780651560231,-0.5004196231021588,-0.4595254444190123,-0.1700617990386812,-0.5202563515678642,0.054856183718624,90.4296875
-0.4943160143434802,-0.5075913633936061,0.0745403219653624,-0.6539253833829248,-0.4091706721599141,-0.5872434576943614,-0.5271229114213775,-0.4511329823758293,-0.3826199740596623,-0.3539330128938731,-0.4291599908445864,-0.537804226749065,-0.47371633478294,-0.2022583352407106,-0.2884718089570454,-0.3717860685130079,-0.5101853971160445,-0.3829251544975963,-0.3055619134813455,-0.0856794079499499,-0.3173113603418017,-0.4117647058823525,-0.5324635690852213,-0.4207675288014034,-0.4416723887998775,-0.4499122606240936,-0.3293659876401918,-0.4671549553673605,-0.4262607766842141,-0.1371023117418169,-0.4869916838330659,0.0876630807965213,90.4375
-0.512321660181582,-0.5317006179903865,0.0795757991912722,-0.674219882505531,-0.4236667429617757,-0.6005188067444873,-0.5454337376974132,-0.4680704966811623,-0.4001678492408633,-0.3649195086594945,-0.461051346608682,-0.5632867933165481,-0.5049973296711677,-0.2344548714427401,-0.320515754940108,-0.4036774242771034,-0.5321583886472874,-0.4148165102616918,-0.3376058594644079,-0.1178759441519794,-0.3308918898298615,-0.4332799267566945,-0.5626764324406802,-0.4506752117189284,-0.4616617074845499,-0.4622720683604177,-0.3612573434042874,-0.4876020447089337,-0.4499122606240936,-0.1645685511558705,-0.4987411306935221,0.1116197451743347,90.4453125
-0.5440604257267105,-0.563439383535515,0.0472266727702758,-0.7058060578316927,-0.4555580987258713,-0.6321049820706489,-0.5771725032425418,-0.4999618524452578,-0.4320592050049588,-0.39681086442359,-0.4927901121538106,-0.5950255588616766,-0.5367360952162963,-0.2664988174258026,-0.3524071107042035,-0.435568780041199,-0.5638971541924159,-0.4467078660257874,-0.3694972152285035,-0.1499198901350419,-0.362783245593957,-0.46517128252079,-0.5942626077668418,-0.482413977264057,-0.4935530632486454,-0.4940108339055463,-0.3931486991683829,-0.5194934004730293,-0.4818036163881891,-0.1967650873578999,-0.5306324864576177,0.0792706187533383,90.453125
-0.5403982604715034,-0.5567254139009685,0.0261692225528347,-0.6984817273212783,-0.4431982909895471,-0.6238651102464328,-0.5689326314183257,-0.4938582436865793,-0.4316014343480579,-0.3965056839856561,-0.4831769283588918,-0.5883115892271302,-0.5269703212024106,-0.2481879911497669,-0.3218890669108106,-0.4326695658808266,-0.5623712520027463,-0.4384679942015713,-0.3507286182955668,-0.1171129930571446,-0.3737697413595784,-0.4688334477759971,-0.5942626077668418,-0.4850080109864954,-0.4930952925917445,-0.4914168001831078,-0.3994048981460285,-0.5255970092317078,-0.4813458457312882,-0.2016479743648428,-0.5147631036850534,0.1114671549553678,90.4609375
-0.572137026016632,-0.5884641794460971,-0.0060273136491946,-0.7183184557869837,-0.4750896467536427,-0.6554512855725945,-0.6006713969634543,-0.5255970092317078,-0.4634927901121534,-0.4282444495307846,-0.5149156939040204,-0.6200503547722588,-0.5587090867475392,-0.2782482642862589,-0.3537804226749061,-0.4644083314259552,-0.5941100175478748,-0.4703593499656668,-0.3826199740596623,-0.1491569390402071,-0.405661097123674,-0.5005722133211258,-0.6258487830930034,-0.516899366750591,-0.5248340581368731,-0.5233081559472035,-0.431296253910124,-0.5573357747768364,-0.5130846112764168,-0.2336919203479053,-0.546501869230182,0.1226062409399561,90.46875
-0.6038757915617605,-0.6200503547722588,-0.0336461432822151,-0.7497520408941784,-0.5068284122987713,-0.687190051117723,-0.6324101625085828,-0.5573357747768364,-0.495231555657282,-0.4601358052948802,-0.5466544594491489,-0.6516365300984203,-0.5904478522926677,-0.3102922102693213,-0.3858243686579686,-0.4962996871900507,-0.6256961928740364,-0.5020981155107954,-0.4145113298237579,-0.1813534752422365,-0.4373998626688025,-0.5323109788662543,-0.657587548638132,-0.5486381322957196,-0.5565728236820017,-0.555046921492332,-0.4631876096742195,-0.5890745403219649,-0.5448233768215454,-0.2657358663309678,-0.5782406347753106,0.0902571145189597,90.4765625
-0.5704585336079954,-0.5866330968184935,-0.0008392462043178,-0.7163347829404131,-0.473563744563973,-0.6536202029449909,-0.5989929045548177,-0.5239185168230713,-0.4619668879224838,-0.426871137560082,-0.5133897917143507,-0.6182192721446552,-0.5570305943389025,-0.2787060349431597,-0.3525597009231704,-0.4630350194552525,-0.5922789349202713,-0.4688334477759971,-0.3812466620889597,-0.1483939879453722,-0.4042877851529713,-0.4990463111314561,-0.6241702906843667,-0.5152208743419543,-0.5233081559472035,-0.5216296635385668,-0.4299229419394213,-0.5556572823681999,-0.5115587090867472,-0.2327763790341035,-0.5448233768215454,0.1136034180209053,90.484375
-0.5370412756542302,-0.5533684290836953,0.0318150606546124,-0.682764934767681,-0.4402990768291748,-0.6202029449912256,-0.5655756466010525,-0.490653849088273,-0.4287022201876855,-0.3937590600442507,-0.4801251239795525,-0.58480201419089,-0.5237659266041043,-0.2455939574273285,-0.3194476234073392,-0.4297703517204543,-0.558861676966506,-0.435568780041199,-0.3481345845731284,-0.115434500648508,-0.3710231174181731,-0.4657816433966579,-0.5907530327306016,-0.4819562066071561,-0.4898908979934382,-0.4883649958037686,-0.3966582742046231,-0.5223926146334017,-0.478141451132982,-0.1996643015182722,-0.5114061188677802,0.1464103150988026,90.4921875
-0.5170519569695579,-0.5358205539024945,0.0620279240100713,-0.691309987029831,-0.4389257648584722,-0.6047913328755623,-0.546501869230182,-0.4917219806210418,-0.3971160448615239,-0.3865873197528034,-0.4621194781414507,-0.5667963683527882,-0.5011825741969936,-0.2126344701304642,-0.2863355458915079,-0.3965056839856561,-0.5271229114213775,-0.4048981460288391,-0.3241779201953151,-0.1061264972915232,-0.3379110399023419,-0.4361791409170668,-0.5664911879148543,-0.4532692454413668,-0.4699015793087659,-0.4750896467536427,-0.3635461966887918,-0.4930952925917445,-0.456778820477607,-0.170824750133516,-0.478141451132982,0.178912031738766,90.5
-0.5400930800335695,-0.5603875791561757,0.0296787975890749,-0.6968032349126417,-0.4328221560997936,-0.6194399938963909,-0.5623712520027463,-0.4932478828107114,-0.4218356603341722,-0.38826581216144,-0.4744792858777748,-0.5907530327306016,-0.5252918287937739,-0.2379644464789803,-0.3183794918745704,-0.4283970397497516,-0.5516899366750588,-0.4367895017929347,-0.3560692759594106,-0.1074998092622258,-0.3437094682230865,-0.452506294346532,-0.5925841153582052,-0.4758525978484775,-0.4889753566796364,-0.5068284122987713,-0.3939116502632177,-0.5223926146334017,-0.4885175860227355,-0.2028686961165785,-0.4946211947814141,0.1746395056076909,90.5078125
-0.571831845578698,-0.5921263447013042,-0.0025177386129544,-0.7283894102388033,-0.4645609216449222,-0.6511787594415195,-0.5941100175478748,-0.52498664835584,-0.4535744258793007,-0.4201571679255356,-0.5063706416418704,-0.6224917982757302,-0.5570305943389025,-0.2700083924620428,-0.3502708476386659,-0.4602883955138471,-0.5834287022201874,-0.4686808575570302,-0.3881132219424731,-0.1396963454642553,-0.375600823987182,-0.4843976501106275,-0.6243228809033338,-0.5077439536125731,-0.520714122224765,-0.5385671778438998,-0.4258030060273132,-0.5541313801785303,-0.5202563515678642,-0.235065232318608,-0.5263599603265428,0.1422903791866945,90.515625
-0.580987258716716,-0.5982299534599829,-0.0347142748149839,-0.759822995345998,-0.486686503395132,-0.665827420462348,-0.6052491035324632,-0.5516899366750588,-0.4613565270466159,-0.4412146181429766,-0.5094224460212097,-0.6218814373998623,-0.5477225909819178,-0.2527656977187758,-0.3171587701228347,-0.4270237277790489,-0.5751888303959712,-0.435416189822232,-0.3548485542076749,-0.106736858167391,-0.3583581292439151,-0.469596398870832,-0.6180666819256881,-0.4973678187228195,-0.5315480277714195,-0.5478751812008846,-0.422751201647974,-0.5530632486457614,-0.5187304493781946,-0.2167544060425722,-0.528953994048981,0.1097886625467312,90.5234375
-0.5477225909819178,-0.5648126955062177,-0.0019073777370866,-0.7264057373922328,-0.4534218356603338,-0.6324101625085828,-0.571831845578698,-0.5182726787212936,-0.4280918593118177,-0.4081025406271454,-0.4761577782864114,-0.5884641794460971,-0.5144579232471195,-0.2198062104219115,-0.2840466926070035,-0.3937590600442507,-0.5417715724422061,-0.4021515220874338,-0.3217364766918437,-0.0739299610894937,-0.3252460517280838,-0.4363317311360338,-0.5846494239719231,-0.4641031509880213,-0.4981307698176543,-0.5144579232471195,-0.3896391241321427,-0.5196459906919964,-0.4854657816433962,-0.183794918745708,-0.4956893263141829,0.1424429694056615,90.53125
-0.5538261997405963,-0.5800717174029142,0.0307469291218437,-0.6928358892195007,-0.4790569924467838,-0.6415655756466007,-0.5759517814908061,-0.5117112993057141,-0.4302281223773552,-0.3948271915770195,-0.4802777141985195,-0.601739528496223,-0.5329213397421222,-0.2431525139238571,-0.316090638590066,-0.4256504158083463,-0.5663385976958873,-0.4340428778515293,-0.3536278324559392,-0.1061264972915232,-0.3571374074921793,-0.4682230869001293,-0.6092164492256043,-0.4918745708400087,-0.4981307698176543,-0.5181200885023267,-0.4091706721599141,-0.5376516365300981,-0.5008773937590597,-0.2118715190356294,-0.5130846112764168,0.1750972762645918,90.5390625
-0.5855649652857249,-0.6118104829480427,-0.0014496070801857,-0.7244220645456623,-0.5109483482108793,-0.6731517509727624,-0.6076905470359346,-0.5434500648508427,-0.4621194781414507,-0.426718547341115,-0.5120164797436481,-0.6333257038223846,-0.5646601052872507,-0.2751964599069196,-0.3479819943541615,-0.4575417715724418,-0.5980773632410159,-0.4659342336156248,-0.3856717784390017,-0.1381704432745857,-0.3890287632562749,-0.4999618524452578,-0.640802624551766,-0.5236133363851374,-0.5300221255817499,-0.5498588540474553,-0.4410620279240096,-0.5693904020752266,-0.5326161593041883,-0.2439154650186919,-0.5448233768215454,0.1427481498435954,90.546875
-0.6115053025101088,-0.6327153429465168,-0.0337987335011821,-0.7560082398718239,-0.4985885404745552,-0.6888685435263596,-0.631647211413748,-0.5706111238269623,-0.4831769283588918,-0.4586099031052105,-0.5437552452887766,-0.6552986953536274,-0.5840390630960552,-0.2938124666208892,-0.3148699168383302,-0.4442664225223159,-0.6133363851377124,-0.4402990768291748,-0.354543373769741,-0.1053635461966883,-0.4200045777065686,-0.5230029755092696,-0.657587548638132,-0.5431448844129088,-0.5617608911268784,-0.5774776836804757,-0.4641031509880213,-0.5902952620737006,-0.5530632486457614,-0.2585641260395205,-0.5765621423666739,0.110246433203632,90.5546875
-0.6432440680552374,-0.6644541084916453,-0.0521095597772178,-0.7730983443961238,-0.5048447394522008,-0.7148088807507434,-0.6581979095139998,-0.5889219501029981,-0.5149156939040204,-0.4903486686503391,-0.5672541390096891,-0.6842908369573506,-0.610131990539406,-0.3022049286640722,-0.3002212558175017,-0.4457923247119856,-0.6450751506828409,-0.4517433432516972,-0.3771267261768516,-0.1056687266346223,-0.4332799267566945,-0.5471122301060499,-0.6891737239642935,-0.5748836499580373,-0.593499656672007,-0.6092164492256043,-0.4959945067521168,-0.6220340276188292,-0.58480201419089,-0.2899977111467151,-0.5800717174029142,0.0778973067826356,90.5625
-0.6252384222171355,-0.6395819028000301,-0.0193026626993205,-0.7395284962233917,-0.5268177309834435,-0.7100785839627677,-0.6452277409018078,-0.5735103379873346,-0.4959945067521168,-0.4601358052948802,-0.5350576028076597,-0.6667429617761498,-0.5880064087891963,-0.2747386892500187,-0.294728007934691,-0.4413672083619436,-0.6269169146257721,-0.4456397344930186,-0.3731593804837106,-0.0902571145189589,-0.4001678492408633,-0.5136949721522847,-0.6603341725795373,-0.5414663920042722,-0.5631342030975811,-0.5788509956511785,-0.4627298390173186,-0.5962462806134123,-0.5606927595941096,-0.2631418326085294,-0.5466544594491489,0.110551613641566,90.5703125
-0.5918211642633703,-0.606164644846265,0.0133516441596097,-0.7061112382696266,-0.4935530632486454,-0.6765087357900356,-0.6118104829480427,-0.5400930800335695,-0.4627298390173186,-0.426871137560082,-0.5016403448538945,-0.6333257038223846,-0.554589150835431,-0.2417792019531544,-0.2616159304188598,-0.4081025406271454,-0.593499656672007,-0.4123750667582204,-0.3400473029678794,-0.0572976272220946,-0.366903181506065,-0.4804303044174864,-0.6269169146257721,-0.508201724269474,-0.529716945143816,-0.5454337376974132,-0.4294651712825204,-0.5628290226596472,-0.5272755016403445,-0.2300297550926981,-0.5133897917143507,0.1433585107194633,90.578125
-0.5584039063096052,-0.5728999771114668,0.0440222781719696,-0.6725413900968945,-0.4601358052948802,-0.6430914778362703,-0.5783932249942775,-0.5068284122987713,-0.4294651712825204,-0.3937590600442507,-0.4683756771190963,-0.5999084458686195,-0.5213244831006328,-0.2086671244373231,-0.2286564431219954,-0.3748378728923472,-0.5600823987182417,-0.3791103990234222,-0.3069352254520481,-0.0244907301441973,-0.3337911039902338,-0.4471656366826883,-0.593499656672007,-0.4747844663157087,-0.4964522774090177,-0.512169069962615,-0.3962005035477222,-0.5295643549248489,-0.4940108339055463,-0.1970702677958338,-0.4801251239795525,0.1760128175783936,90.5859375
-0.5901426718547338,-0.6044861524376284,0.0116731517509731,-0.704127565423056,-0.4920271610589757,-0.674677653162432,-0.6099794003204392,-0.5385671778438998,-0.4613565270466159,-0.4256504158083463,-0.5001144426642249,-0.6314946211947811,-0.5530632486457614,-0.2407110704203856,-0.260700389105058,-0.4067292286564427,-0.5918211642633703,-0.4110017547875177,-0.3389791714351106,-0.0568398565651937,-0.3656824597543293,-0.4790569924467838,-0.6252384222171355,-0.5066758220798043,-0.5281910429541463,-0.5439078355077436,-0.4280918593118177,-0.5613031204699774,-0.5257495994506749,-0.2291142137788963,-0.5118638895246811,0.1435111009384302,90.59375
-0.6217288471808953,-0.6362249179827569,-0.0203707942320893,-0.7357137407492177,-0.5237659266041043,-0.7062638284885935,-0.6417181658655677,-0.5703059433890284,-0.4930952925917445,-0.4573891813534748,-0.5320057984283204,-0.6632333867399096,-0.58480201419089,-0.2727550164034481,-0.2927443350881205,-0.4386205844205382,-0.6235599298084988,-0.4428931105516132,-0.3708705271992061,-0.0890363927672232,-0.3975738155184248,-0.5107957579919123,-0.6568245975432971,-0.5384145876249329,-0.5599298084992749,-0.5756466010528721,-0.4599832150759132,-0.593041886015106,-0.5574883649958035,-0.2611581597619589,-0.5436026550698096,0.1110093842984669,90.6015625
-0.5883115892271302,-0.6028076600289918,0.012283512626841,-0.7021438925764855,-0.490501258869306,-0.6728465705348284,-0.6083009079118025,-0.5368886854352632,-0.4598306248569462,-0.4242771038376436,-0.4985885404745552,-0.6298161287861445,-0.5513847562371249,-0.2397955291065839,-0.2596322575722892,-0.40535591668574,-0.5901426718547338,-0.409628442816815,-0.3377584496833749,-0.0560769054703589,-0.3644617380025936,-0.4775310902571141,-0.623407339589532,-0.5051499198901347,-0.5266651407644767,-0.542229343099107,-0.426718547341115,-0.559624628061341,-0.5242236972610053,-0.2280460822461276,-0.5103379873350115,0.1438162813763642,90.609375
-0.555046921492332,-0.5693904020752266,0.012283512626841,-0.6687266346227203,-0.4572365911345079,-0.6392767223620962,-0.5748836499580373,-0.503624017700465,-0.426565957122148,-0.3910124361028454,-0.465323872739757,-0.5963988708323793,-0.5179674982833596,-0.2066834515907526,-0.226520180056458,-0.3722438391699088,-0.5567254139009685,-0.3765163653009838,-0.3044937819485767,-0.0232700083924616,-0.3313496604867624,-0.4442664225223159,-0.5899900816357667,-0.4717326619363695,-0.4932478828107114,-0.5089646753643088,-0.3934538796063168,-0.5262073701075757,-0.4909590295262069,-0.1950865949492633,-0.4769207293812463,0.1738765545128561,90.6171875
-0.580529488059815,-0.5980773632410159,-0.0199130235751884,-0.6926832990005337,-0.4746318760967418,-0.6571297779812311,-0.6003662165255204,-0.5277332722972453,-0.4584573128862436,-0.4229037918669409,-0.4972152285038525,-0.6253910124361025,-0.5431448844129088,-0.2269779507133588,-0.2585641260395205,-0.4015411612115659,-0.5808346684977489,-0.3975738155184248,-0.3185320820935374,-0.0217441062027919,-0.3632410162508579,-0.4709697108415346,-0.6217288471808953,-0.503624017700465,-0.525139238574807,-0.5407034409094373,-0.4253452353704123,-0.5574883649958035,-0.5196459906919964,-0.2271305409323258,-0.5001144426642249,0.1783016708628981,90.625
-0.6122682536049435,-0.6296635385671775,-0.0362401770046535,-0.7242694743266953,-0.5065232318608374,-0.6887159533073927,-0.6321049820706489,-0.5594720378423739,-0.4901960784313721,-0.4547951476310364,-0.528953994048981,-0.6571297779812311,-0.5748836499580373,-0.2590218966964214,-0.290608072022583,-0.4334325169756615,-0.6124208438239106,-0.4294651712825204,-0.3505760280765999,-0.0539406424048214,-0.3951323720149534,-0.5027084763866633,-0.653315022507057,-0.5353627832455936,-0.5568780041199356,-0.5724422064545659,-0.4572365911345079,-0.589227130540932,-0.5513847562371249,-0.2591744869153883,-0.5318532082093534,0.1457999542229347,90.6328125
-0.6440070191500721,-0.661402304112306,-0.068436713206683,-0.7557030594338899,-0.5382619974059659,-0.7203021286335543,-0.6636911573968105,-0.5912108033875024,-0.5220874341954678,-0.486533913176165,-0.5606927595941096,-0.6887159533073927,-0.6066224155031659,-0.2910658426794839,-0.3226520180056454,-0.465323872739757,-0.6441596093690392,-0.4613565270466159,-0.3824673838406954,-0.0861371786068508,-0.4270237277790489,-0.5345998321507588,-0.6849011978332185,-0.5671015487907222,-0.5886167696650642,-0.6041809719996944,-0.4889753566796364,-0.6208133058670935,-0.5831235217822535,-0.2912184328984508,-0.563591973754482,0.1134508278019383,90.640625
-0.6166933699549856,-0.6278324559395739,-0.0925459678034633,-0.7222858014801248,-0.5049973296711677,-0.6884107728694587,-0.6389715419241623,-0.5577935454337374,-0.4886701762417025,-0.4532692454413668,-0.5272755016403445,-0.6583504997329668,-0.5782406347753106,-0.2681773098344392,-0.2895399404898142,-0.4412146181429766,-0.6157778286411838,-0.4383154039826043,-0.3646143282215606,-0.0666056305790794,-0.3937590600442507,-0.5011825741969936,-0.6514839398794534,-0.533836881055924,-0.5551995117112989,-0.5707637140459293,-0.4557106889448382,-0.5875486381322953,-0.5497062638284882,-0.2581063553826196,-0.5303273060196838,0.1296253910124365,90.6484375
-0.5832761120012203,-0.5944151979858088,-0.0595864805065991,-0.6887159533073927,-0.4715800717174025,-0.6548409246967266,-0.6055542839703971,-0.5245288776989392,-0.4554055085069043,-0.4200045777065686,-0.4940108339055463,-0.6249332417792016,-0.5449759670405123,-0.2352178225375749,-0.2564278629739829,-0.4079499504081784,-0.5823605706874185,-0.4050507362478061,-0.3315022507057293,-0.0337987335011821,-0.3606469825284195,-0.4679179064621954,-0.6180666819256881,-0.5004196231021588,-0.5217822537575338,-0.5373464560921641,-0.42244602121004,-0.5541313801785303,-0.51644159609369,-0.2251468680857553,-0.4969100480659186,0.1622796978713669,90.65625
-0.5498588540474553,-0.5611505302510106,-0.0267795834287018,-0.6552986953536274,-0.4383154039826043,-0.6214236667429613,-0.572137026016632,-0.4911116197451739,-0.4221408407721061,-0.3868925001907374,-0.460746166170748,-0.5915159838254364,-0.5115587090867472,-0.2021057450217437,-0.2233157854581517,-0.3748378728923472,-0.5490959029526203,-0.3719386587319749,-0.2983901731898981,-0.0009918364232848,-0.3275349050125883,-0.4346532387273972,-0.5846494239719231,-0.4671549553673605,-0.4885175860227355,-0.504081788357366,-0.3893339436942088,-0.520714122224765,-0.4830243381399248,-0.192034790569924,-0.4636453803311204,0.1949340047302972,90.6640625
-0.5815976195925838,-0.5927367055771721,-0.0589761196307312,-0.6868848706797891,-0.4702067597466998,-0.6531624322880899,-0.6038757915617605,-0.5230029755092696,-0.4540321965362016,-0.4187838559548329,-0.4926375219348436,-0.6231021591515981,-0.5432974746318757,-0.2343022812237731,-0.2555123216601812,-0.4067292286564427,-0.5808346684977489,-0.4038300144960704,-0.3304341191729606,-0.0331883726253142,-0.3594262607766838,-0.4665445944914927,-0.6162355992980846,-0.4988937209124891,-0.5204089417868311,-0.5358205539024945,-0.4212252994583043,-0.5524528877698935,-0.5149156939040204,-0.2240787365529865,-0.4955367360952159,0.1624322880903338,90.671875
-0.6133363851377124,-0.6209658960860606,-0.0911726558327607,-0.6908522163729302,-0.5020981155107954,-0.6847486076142516,-0.6356145571068891,-0.5500114442664221,-0.4859235523002971,-0.4505226214999615,-0.5243762874799721,-0.6548409246967266,-0.5750362401770043,-0.2663462272068356,-0.2874036774242767,-0.4386205844205382,-0.6124208438239106,-0.4357213702601659,-0.3623254749370561,-0.0655374990463107,-0.3913176165407793,-0.4982833600366212,-0.6479743648432131,-0.5307850766765846,-0.5521477073319596,-0.5660334172579534,-0.4531166552223998,-0.5841916533150221,-0.5466544594491489,-0.256275272755016,-0.5272755016403445,0.1792172121766999,90.6796875
-0.5957885099565114,-0.6115053025101088,-0.0583657587548633,-0.6992446784161132,-0.5097276264591436,-0.6778820477607381,-0.6195925841153578,-0.5515373464560918,-0.4526588845654989,-0.4317540245670249,-0.5089646753643088,-0.6397344930189971,-0.5570305943389025,-0.2419317921721213,-0.2697032120241088,-0.4242771038376436,-0.5950255588616766,-0.4193942168307008,-0.3409628442816811,-0.0325780117494464,-0.3699549858854044,-0.4808880750743873,-0.6278324559395739,-0.5117112993057141,-0.5402456702525364,-0.563439383535515,-0.4316014343480579,-0.5646601052872507,-0.5342946517128249,-0.2385748073548481,-0.5472648203250168,0.1831845578698409,90.6875
-0.62752727550164,-0.6432440680552374,-0.0905622949568928,-0.7308308537422747,-0.5410086213473713,-0.7094682230868998,-0.6511787594415195,-0.5832761120012203,-0.4506752117189284,-0.4445716029602498,-0.5309376668955517,-0.6714732585641257,-0.5831235217822535,-0.2494087129015026,-0.277637903410391,-0.4561684596017391,-0.6266117341878382,-0.4512855725947963,-0.3728542000457767,-0.0649271381704428,-0.4018463416494999,-0.5127794308384829,-0.6595712214847025,-0.5436026550698096,-0.571984435797665,-0.5951781490806436,-0.4634927901121534,-0.5963988708323793,-0.5660334172579534,-0.2706187533379106,-0.5790035858701453,0.1506828412298776,90.6953125
-0.6580453192950328,-0.6641489280537114,-0.1227588311589222,-0.7137407492179748,-0.5403982604715034,-0.7343404287785149,-0.6807812619211105,-0.5960936903944454,-0.482413977264057,-0.4758525978484775,-0.5539787899595632,-0.6993972686350801,-0.6122682536049435,-0.2814526588845651,-0.3096818493934535,-0.4880598153658346,-0.6577401388570989,-0.4830243381399248,-0.4047455558098722,-0.0971236743724723,-0.4326695658808266,-0.5388723582818338,-0.6865796902418552,-0.5640497444113829,-0.5913633936064695,-0.6098268101014721,-0.4932478828107114,-0.6203555352101927,-0.5869382772564274,-0.3025101091020061,-0.610589761196307,0.1183337148088811,90.703125
-0.6272220950637061,-0.6398870832379641,-0.089799343862058,-0.6803234912642095,-0.5471122301060499,-0.7120622568093381,-0.6565194171053632,-0.5626764324406802,-0.4747844663157087,-0.4636453803311204,-0.5385671778438998,-0.6762035553521016,-0.5973144121461811,-0.2831311512932017,-0.3334859235522999,-0.4715800717174025,-0.6340886549172194,-0.4549477378500034,-0.371633478294041,-0.064164187075608,-0.3995574883649954,-0.5065232318608374,-0.6534676127260238,-0.5306324864576177,-0.5580987258716713,-0.5765621423666739,-0.4599832150759132,-0.5869382772564274,-0.5613031204699774,-0.2838941023880365,-0.5771725032425418,0.1509880216678115,90.7109375
-0.6003662165255204,-0.6249332417792016,-0.0569924467841607,-0.7006179903868158,-0.5710688944838632,-0.6990920881971462,-0.6363775082017239,-0.5559624628061338,-0.4512855725947963,-0.4447241931792168,-0.5201037613488971,-0.6519417105363542,-0.5751888303959712,-0.2639047837033642,-0.3003738460364686,-0.4383154039826043,-0.6078431372549016,-0.4216830701152052,-0.3385214007782097,-0.0313572899977107,-0.3662928206301972,-0.4732585641260391,-0.6237125200274659,-0.5049973296711677,-0.5329213397421222,-0.5544365606164642,-0.4338902876325624,-0.5669489585717552,-0.5432974746318757,-0.2610055695429919,-0.5439078355077436,0.1836423285267418,90.71875
-0.5671015487907222,-0.5915159838254364,-0.0492103456168455,-0.6670481422140837,-0.537804226749065,-0.665674830243381,-0.6029602502479587,-0.5225452048523685,-0.4180209048599981,-0.4114595254444186,-0.4868390936140989,-0.6185244525825891,-0.541924162661173,-0.2309452964064999,-0.2672617685206374,-0.4052033264667731,-0.5744258793011364,-0.388418402380407,-0.3052567330434115,0.0012970168612196,-0.3331807431143659,-0.4399938963912409,-0.5902952620737006,-0.4717326619363695,-0.499504081788357,-0.5210193026626989,-0.4006256198977642,-0.53353170061799,-0.5100328068970775,-0.2278934920271606,-0.5104905775539784,0.1854734111543454,90.7265625
-0.533684290836957,-0.5580987258716713,-0.0533302815289535,-0.6336308842603185,-0.5043869687952999,-0.6322575722896159,-0.5695429922941936,-0.4892805371175703,-0.3847562371251999,-0.3783474479285874,-0.4535744258793007,-0.5851071946288239,-0.5085069047074079,-0.1978332188906686,-0.2341496910048062,-0.3719386587319749,-0.5410086213473713,-0.3553063248645758,-0.2722972457465472,0.0341039139391169,-0.3000686655985347,-0.4067292286564427,-0.5568780041199356,-0.4384679942015713,-0.4662394140535588,-0.4877546349279007,-0.367360952162966,-0.5002670328831919,-0.4767681391622793,-0.1949340047302963,-0.4772259098191802,0.1764705882352945,90.734375
-0.5654230563820856,-0.5898374914167999,-0.085526817730983,-0.6652170595864801,-0.5361257343404284,-0.6638437476157775,-0.6012817578393221,-0.5210193026626989,-0.4166475928892954,-0.4102388036926829,-0.4854657816433962,-0.6168459601739524,-0.5402456702525364,-0.2298771648737312,-0.2661936369878687,-0.4038300144960704,-0.5727473868924998,-0.3871976806286713,-0.3041886015106427,0.0017547875181205,-0.3319600213626302,-0.4386205844205382,-0.5886167696650642,-0.4703593499656668,-0.4981307698176543,-0.5194934004730293,-0.3994048981460285,-0.5320057984283204,-0.5085069047074079,-0.2269779507133588,-0.5089646753643088,0.1441214618142981,90.7421875
-0.5971618219272141,-0.6215762569619284,-0.1155870908674749,-0.6969558251316087,-0.567864499885557,-0.6954299229419391,-0.6330205233844507,-0.5527580682078275,-0.4485389486533909,-0.4419775692378114,-0.5172045471885249,-0.6484321355001141,-0.571984435797665,-0.2619211108567937,-0.2982375829709311,-0.4357213702601659,-0.6044861524376284,-0.4190890363927668,-0.3362325474937053,-0.0302891584649419,-0.3640039673456927,-0.4705119401846337,-0.6203555352101927,-0.5020981155107954,-0.5298695353627828,-0.5512321660181578,-0.431143663691157,-0.563744563973449,-0.5402456702525364,-0.2590218966964214,-0.5408560311284043,0.1393911650263222,90.75
-0.5735103379873346,-0.5938048371099409,-0.0827801937895776,-0.6736095216296631,-0.5356679636835275,-0.670099946593423,-0.6139467460135802,-0.5301747158007167,-0.4152742809185927,-0.4277866788738838,-0.50789654383154,-0.6237125200274659,-0.5519951171129928,-0.2539864194705115,-0.2809948882276642,-0.4209201190203704,-0.5793087663080793,-0.4186312657358659,-0.3440146486610204,-0.0502784771496142,-0.3307392996108945,-0.4418249790188445,-0.593041886015106,-0.4714274814984355,-0.5133897917143507,-0.5323109788662543,-0.4036774242771034,-0.5361257343404284,-0.5150682841229873,-0.2588693064774544,-0.5315480277714195,0.1720454718852526,90.7578125
-0.5657282368200195,-0.5869382772564274,-0.0888838025482562,-0.640192263675898,-0.528953994048981,-0.6556038757915613,-0.6015869382772561,-0.5005722133211258,-0.4180209048599981,-0.414053559166857,-0.499198901350423,-0.6174563210498203,-0.5411612115663382,-0.2301823453116651,-0.2710765239948115,-0.4132906080720221,-0.572137026016632,-0.4105439841306168,-0.3319600213626302,-0.0312046997787437,-0.3334859235522999,-0.4418249790188445,-0.5924315251392381,-0.4790569924467838,-0.5268177309834435,-0.5425345235370409,-0.4103913939116498,-0.5407034409094373,-0.5156786449988553,-0.2507820248722053,-0.5074387731746391,0.1410696574349588,90.765625
-0.597467002365148,-0.618677042801556,-0.1209277485313187,-0.6569771877622641,-0.5606927595941096,-0.6873426413366899,-0.6331731136034177,-0.5323109788662543,-0.4499122606240936,-0.4459449149309525,-0.5191882200350953,-0.6491950865949488,-0.5672541390096891,-0.2372014953841454,-0.2718394750896463,-0.4262607766842141,-0.6037232013427936,-0.4163424124513615,-0.3392843518730445,-0.0444800488288696,-0.3655298695353624,-0.47371633478294,-0.6241702906843667,-0.5109483482108793,-0.5570305943389025,-0.5742732890821695,-0.4422827496757454,-0.5724422064545659,-0.5474174105439839,-0.2747386892500187,-0.520714122224765,0.1087205310139624,90.7734375
-0.5768673228046078,-0.5996032654306855,-0.0881208514534214,-0.687495231555657,-0.5303273060196838,-0.6722362096589606,-0.618677042801556,-0.5358205539024945,-0.4335851071946284,-0.44808117799649,-0.5074387731746391,-0.6290531776913096,-0.5498588540474553,-0.2343022812237731,-0.2387273975738151,-0.3929961089494159,-0.5800717174029142,-0.384145876249332,-0.3081559472037838,-0.0116731517509723,-0.3322652018005642,-0.4404516670481418,-0.5953307392996106,-0.4775310902571141,-0.5236133363851374,-0.5408560311284043,-0.4090180819409472,-0.5390249485008007,-0.5202563515678642,-0.2416266117341874,-0.5274280918593114,0.1331349660486767,90.78125
-0.5619134813458453,-0.5861753261615927,-0.0803387502861062,-0.7190814068818185,-0.4970626382848855,-0.6479743648432131,-0.6047913328755623,-0.5312428473334856,-0.4003204394598302,-0.4276340886549168,-0.5054551003280686,-0.6182192721446552,-0.5477225909819178,-0.2454413672083615,-0.2671091783016704,-0.4033722438391695,-0.5703059433890284,-0.3858243686579686,-0.3006790264744026,0.020981155107958,-0.3278400854505222,-0.4349584191653311,-0.5864805065995267,-0.4679179064621954,-0.5144579232471195,-0.5332265201800561,-0.3846036469062329,-0.5201037613488971,-0.5053025101091017,-0.2275883115892267,-0.5356679636835275,0.165789272907607,90.7890625
-0.5936522468909738,-0.6179140917067213,-0.1125352864881357,-0.7373922331578542,-0.5288014038300142,-0.6795605401693748,-0.6363775082017239,-0.5608453498130767,-0.4229037918669409,-0.4369420920119016,-0.5274280918593114,-0.6498054474708167,-0.5794613565270463,-0.2722972457465472,-0.2991531242847329,-0.435263599603265,-0.602044708934157,-0.4177157244220641,-0.332722972457465,-0.0112153810940714,-0.3598840314335847,-0.4666971847104597,-0.6182192721446552,-0.4996566720073239,-0.546196688792248,-0.5649652857251847,-0.4164950026703284,-0.5518425268940257,-0.5370412756542302,-0.2596322575722892,-0.5663385976958873,0.1332875562676437,90.796875
-0.5767147325856409,-0.5931944762340731,-0.1032272831311508,-0.7038223849851221,-0.5344472419317918,-0.6687266346227203,-0.6224917982757302,-0.5373464560921641,-0.42244602121004,-0.4206149385824365,-0.503929198138399,-0.6333257038223846,-0.5579461356527042,-0.2484931715877008,-0.2681773098344392,-0.4148165102616918,-0.5896849011978328,-0.414206149385824,-0.3395895323109785,-0.0434119172961008,-0.3266193636987865,-0.4406042572671088,-0.593041886015106,-0.4715800717174025,-0.5179674982833596,-0.5382619974059659,-0.3940642404821847,-0.5349050125886927,-0.5176623178454257,-0.2362859540703437,-0.5478751812008846,0.1609063859006642,90.8046875
-0.5432974746318757,-0.5597772182803078,-0.0702677958342866,-0.6704051270313569,-0.5011825741969936,-0.6353093766689552,-0.5890745403219649,-0.503929198138399,-0.3893339436942088,-0.3873502708476383,-0.4705119401846337,-0.5999084458686195,-0.5245288776989392,-0.2153810940718696,-0.235065232318608,-0.3817044327458606,-0.5562676432440677,-0.3809414816510257,-0.3064774547951472,-0.0106050202182035,-0.2935072861829553,-0.4074921797512775,-0.559624628061341,-0.4383154039826043,-0.4847028305485614,-0.5048447394522008,-0.3607995727473865,-0.5014877546349276,-0.4842450598916605,-0.2033264667734794,-0.5144579232471195,0.1935606927595945,90.8125
-0.5100328068970775,-0.5284962233920802,-0.0374608987563892,-0.6369878690775918,-0.4679179064621954,-0.60189211871519,-0.5556572823681999,-0.4706645304036007,-0.3560692759594106,-0.3633936064698249,-0.4450293736171507,-0.5664911879148543,-0.4912642099641409,-0.1865415426871133,-0.2021057450217437,-0.3484397650110624,-0.5228503852903025,-0.3478294041351945,-0.273365377279316,0.0220492866407267,-0.2727550164034481,-0.3833829251544972,-0.5339894712748909,-0.4193942168307008,-0.4601358052948802,-0.4715800717174025,-0.3446250095368883,-0.469291218432898,-0.4557106889448382,-0.1882200350957499,-0.4811932555123213,0.2153810940718704,90.8203125
-0.5417715724422061,-0.5602349889372088,-0.0696574349584187,-0.6685740444037533,-0.4996566720073239,-0.6334782940413516,-0.5873960479133284,-0.5025558861676963,-0.3881132219424731,-0.3952849622339204,-0.4767681391622793,-0.5982299534599829,-0.5230029755092696,-0.2185854886701758,-0.2341496910048062,-0.3804837109941248,-0.554589150835431,-0.37972075989929,-0.3052567330434115,-0.0101472495613026,-0.3047989623865106,-0.4152742809185927,-0.5657282368200195,-0.4512855725947963,-0.4918745708400087,-0.5034714274814981,-0.3765163653009838,-0.5010299839780267,-0.4874494544899668,-0.2202639810788124,-0.5129320210574498,0.182879377431907,90.828125
-0.5735103379873346,-0.5919737544823374,-0.1018539711604482,-0.7001602197299149,-0.5313954375524526,-0.6650644693675132,-0.619134813458457,-0.5342946517128249,-0.4200045777065686,-0.4271763179980159,-0.5086594949263749,-0.6298161287861445,-0.5547417410543981,-0.2506294346532383,-0.2661936369878687,-0.4123750667582204,-0.5863279163805596,-0.4116121156633855,-0.337300679026474,-0.0423437857633321,-0.3368429083695731,-0.4471656366826883,-0.597467002365148,-0.4830243381399248,-0.5236133363851374,-0.5352101930266266,-0.4084077210650793,-0.5329213397421222,-0.5191882200350953,-0.2523079270618749,-0.5448233768215454,0.1503776607919436,90.8359375
-0.5400930800335695,-0.5585564965285721,-0.0690470740825509,-0.6667429617761498,-0.4985885404745552,-0.631647211413748,-0.5857175555046917,-0.5008773937590597,-0.3867399099717704,-0.3939116502632177,-0.4753948271915766,-0.5963988708323793,-0.5214770733195999,-0.217669947356374,-0.2330815594720374,-0.3791103990234222,-0.5530632486457614,-0.3785000381475543,-0.3041886015106427,-0.0095368886854348,-0.3035782406347749,-0.41390096894789,-0.5640497444113829,-0.4497596704051266,-0.4903486686503391,-0.5019455252918285,-0.3751430533302811,-0.499504081788357,-0.4859235523002971,-0.2193484397650106,-0.5114061188677802,0.1395437552452892,90.84375
-0.54207675288014,-0.5728999771114668,-0.0760662241550312,-0.6398870832379641,-0.5007248035400927,-0.6305790798809793,-0.5783932249942775,-0.4953841458762489,-0.367360952162966,-0.3803311207751579,-0.4784466315709159,-0.6029602502479587,-0.5245288776989392,-0.2281986724650946,-0.2651255054550999,-0.4018463416494999,-0.555046921492332,-0.4082551308461123,-0.3269245441367204,-0.0019073777370866,-0.3049515526054776,-0.4192416266117338,-0.5757991912718391,-0.4575417715724418,-0.4857709620813302,-0.4998092622262909,-0.3809414816510257,-0.504081788357366,-0.4937056534676123,-0.239032578011749,-0.5133897917143507,0.1480888075074392,90.8515625
-0.5738155184252686,-0.6046387426565953,-0.1082627603570607,-0.6714732585641257,-0.5324635690852213,-0.6621652552071409,-0.610131990539406,-0.5271229114213775,-0.3992523079270615,-0.4122224765392534,-0.5101853971160445,-0.6346990157930873,-0.5562676432440677,-0.2602426184481571,-0.2971694514381624,-0.4337376974135954,-0.5867856870374606,-0.4401464866102079,-0.3588158999008159,-0.034103913939116,-0.3368429083695731,-0.4509803921568623,-0.6075379568169677,-0.4894331273365373,-0.5175097276264589,-0.5315480277714195,-0.4128328374151213,-0.5359731441214615,-0.525444419012741,-0.2710765239948115,-0.5452811474784462,0.1155870908674758,90.859375
-0.5405508506904704,-0.5712214847028302,-0.0754558632791633,-0.6380560006103605,-0.499198901350423,-0.6287479972533757,-0.5767147325856409,-0.4938582436865793,-0.3661402304112302,-0.3789578088044552,-0.4769207293812463,-0.6012817578393221,-0.5228503852903025,-0.2271305409323258,-0.2640573739223312,-0.4004730296787972,-0.5533684290836953,-0.4068818188754097,-0.3257038223849847,-0.0012970168612187,-0.3037308308537418,-0.4178683146410311,-0.5741206988632025,-0.4560158693827721,-0.4842450598916605,-0.4982833600366212,-0.37972075989929,-0.5025558861676963,-0.4921797512779427,-0.2379644464789803,-0.5118638895246811,0.1482413977264061,90.8671875
-0.5071335927367052,-0.537804226749065,-0.0424963759822991,-0.6046387426565953,-0.4659342336156248,-0.5953307392996106,-0.5434500648508427,-0.4604409857328141,-0.333028152895399,-0.345845731288624,-0.443656061646448,-0.567864499885557,-0.4895857175555043,-0.1941710536354615,-0.2310978866254669,-0.367208361943999,-0.5199511711299303,-0.3737697413595784,-0.2925917448691535,0.0313572899977115,-0.2706187533379106,-0.3846036469062329,-0.5407034409094373,-0.4229037918669409,-0.4509803921568623,-0.4650186923018231,-0.3464560921644918,-0.469291218432898,-0.4589150835431445,-0.205004959182116,-0.4785992217898829,0.1808957045853365,90.875
-0.5390249485008007,-0.5695429922941936,-0.0629434653238723,-0.6362249179827569,-0.4976729991607534,-0.6270695048447391,-0.5751888303959712,-0.4923323414969097,-0.3649195086594945,-0.3777370870527195,-0.4755474174105435,-0.5996032654306855,-0.5213244831006328,-0.226214999618524,-0.2631418326085294,-0.3990997177080945,-0.5518425268940257,-0.405661097123674,-0.324635690852216,-0.0008392462043178,-0.3026626993209731,-0.4164950026703284,-0.5724422064545659,-0.4546425574120695,-0.4828717479209579,-0.4967574578469516,-0.3785000381475543,-0.5011825741969936,-0.490653849088273,-0.2370489051651785,-0.5103379873350115,0.1663996337834749,90.8828125
-0.5707637140459293,-0.6012817578393221,-0.0951400015259017,-0.6679636835278855,-0.529411764705882,-0.6586556801709007,-0.6067750057221328,-0.5240711070420382,-0.39681086442359,-0.409628442816815,-0.5072861829556722,-0.6311894407568471,-0.5530632486457614,-0.2582589456015866,-0.2950331883726249,-0.43099107347219,-0.5834287022201874,-0.4375524528877695,-0.3565270466163115,-0.0331883726253142,-0.3345540550850686,-0.448386358434424,-0.6041809719996944,-0.486533913176165,-0.5146105134660864,-0.5286488136110471,-0.4103913939116498,-0.5329213397421222,-0.5223926146334017,-0.269092851148241,-0.542229343099107,0.1338979171435115,90.890625
-0.5373464560921641,-0.567864499885557,-0.094071869993133,-0.6345464255741203,-0.4961470969710838,-0.6252384222171355,-0.5733577477683677,-0.49080643930724,-0.3636987869077588,-0.3763637750820168,-0.4740215152208739,-0.597772182803082,-0.5197985809109632,-0.2252994583047222,-0.2620737010757606,-0.3978789959563588,-0.5501640344853892,-0.4042877851529713,-0.3234149691004803,-0.00022888532845,-0.3014419775692374,-0.4151216906996258,-0.5707637140459293,-0.4532692454413668,-0.4813458457312882,-0.495231555657282,-0.3771267261768516,-0.499504081788357,-0.4891279468986034,-0.2361333638513767,-0.5088120851453418,0.1665522240024418,90.8984375
-0.504081788357366,-0.5345998321507588,-0.0612649729152357,-0.6011291676203552,-0.4628824292362856,-0.5918211642633703,-0.5400930800335695,-0.4575417715724418,-0.3304341191729606,-0.3432516975661856,-0.4407568474860757,-0.5645075150682838,-0.486533913176165,-0.205004959182116,-0.2289616235599294,-0.3646143282215606,-0.5167467765316239,-0.3711757076371401,-0.290302891584649,0.0322728313115133,-0.2683299000534062,-0.3818570229648275,-0.5373464560921641,-0.4200045777065686,-0.44808117799649,-0.4619668879224838,-0.3440146486610204,-0.4662394140535588,-0.4558632791638052,-0.2030212863355454,-0.4755474174105435,0.1992065308613722,90.90625
-0.5358205539024945,-0.5663385976958873,-0.0934615091172651,-0.6327153429465168,-0.4946211947814141,-0.623407339589532,-0.571831845578698,-0.4892805371175703,-0.3624780651560231,-0.3751430533302811,-0.4726482032501712,-0.5960936903944454,-0.5182726787212936,-0.2370489051651785,-0.2610055695429919,-0.3965056839856561,-0.5484855420767525,-0.4030670634012356,-0.3223468375677115,7.629510948390816e-05,-0.3003738460364686,-0.413748378728923,-0.5690852216372927,-0.4518959334706641,-0.4798199435416186,-0.4938582436865793,-0.3759060044251159,-0.4981307698176543,-0.4877546349279007,-0.235065232318608,-0.5072861829556722,0.1667048142214088,90.9140625
-0.5577935454337374,-0.5785458152132446,-0.1256580453192946,-0.6643015182726784,-0.5100328068970775,-0.6469062333104445,-0.5916685740444034,-0.521171892881666,-0.3682764934767678,-0.3891813534752418,-0.4757000076295105,-0.6139467460135802,-0.5269703212024106,-0.2230106050202178,-0.2597848477912562,-0.3986419470511936,-0.5674067292286561,-0.3934538796063168,-0.3168535896849008,-0.0188448920424196,-0.3324177920195311,-0.4406042572671088,-0.5788509956511785,-0.4760051880674444,-0.5117112993057141,-0.5255970092317078,-0.4077973601892115,-0.5268177309834435,-0.4990463111314561,-0.2379644464789803,-0.5150682841229873,0.1343556878004124,90.921875
-0.5243762874799721,-0.5451285572594793,-0.0926985580224303,-0.6308842603189132,-0.4956893263141829,-0.6134889753566792,-0.5584039063096052,-0.4877546349279007,-0.3350118257419695,-0.3559166857404436,-0.4424353398947123,-0.580682078278782,-0.4937056534676123,-0.1900511177233535,-0.2492561226825356,-0.3772793163958186,-0.5341420614938579,-0.3740749217975124,-0.2939650568398562,0.0138094148165106,-0.2993057145036999,-0.4073395895323106,-0.5454337376974132,-0.4427405203326462,-0.478294041351949,-0.4923323414969097,-0.3745326924544133,-0.4935530632486454,-0.4656290531776909,-0.204852368963149,-0.4816510261692222,0.1670099946593427,90.9296875
-0.5562676432440677,-0.5768673228046078,-0.1248950942244598,-0.6626230258640418,-0.5274280918593114,-0.6452277409018078,-0.5899900816357667,-0.5196459906919964,-0.367055771725032,-0.3879606317235061,-0.4743266956588078,-0.6122682536049435,-0.525444419012741,-0.222095063706416,-0.2813000686655981,-0.4091706721599141,-0.5658808270389865,-0.4059662775616079,-0.3260090028229186,-0.0182345311665518,-0.3311970702677954,-0.4392309452964061,-0.5771725032425418,-0.4746318760967418,-0.5101853971160445,-0.5240711070420382,-0.4064240482185088,-0.5252918287937739,-0.4975204089417864,-0.2370489051651785,-0.5135423819333177,0.1996643015182731,90.9375
-0.5828183413443195,-0.5931944762340731,-0.1569390402075222,-0.6942092011902034,-0.503929198138399,-0.6681162737468525,-0.6134889753566792,-0.5487907225146864,-0.3989471274891276,-0.4070344090943766,-0.4917219806210418,-0.6327153429465168,-0.5428397039749748,-0.2480354009307999,-0.2994583047226669,-0.4134431982909891,-0.5867856870374606,-0.4029144731822686,-0.3209735255970088,-0.0058747234302276,-0.3354695963988704,-0.4468604562447543,-0.5883115892271302,-0.4874494544899668,-0.5347524223697258,-0.5558098725871667,-0.4322117952239258,-0.5533684290836953,-0.5194934004730293,-0.269092851148241,-0.5452811474784462,0.1671625848783097,90.9453125
-0.5494010833905543,-0.5597772182803078,-0.1241321431296249,-0.6606393530174712,-0.4706645304036007,-0.6345464255741203,-0.580224307621881,-0.5153734645609213,-0.3656824597543293,-0.3737697413595784,-0.4584573128862436,-0.5992980849927516,-0.5094224460212097,-0.2149233234149687,-0.2663462272068356,-0.3801785305561909,-0.5533684290836953,-0.3698023956664374,-0.2878614480811776,0.0266269932097356,-0.3023575188830392,-0.413748378728923,-0.555046921492332,-0.4541847867551686,-0.5014877546349276,-0.5223926146334017,-0.3989471274891276,-0.5201037613488971,-0.4862287327382311,-0.2359807736324097,-0.5118638895246811,0.1998168917372401,90.953125
-0.5161364156557561,-0.5265125505455096,-0.0911726558327607,-0.6272220950637061,-0.4373998626688025,-0.6011291676203552,-0.546807049668116,-0.482108796826123,-0.3325703822384981,-0.3406576638437472,-0.4251926451514454,-0.5658808270389865,-0.4761577782864114,-0.1819638361181044,-0.2332341496910044,-0.3470664530403597,-0.5201037613488971,-0.3366903181506062,-0.2549019607843133,0.0594338902876329,-0.2692454413672079,-0.3804837109941248,-0.5216296635385668,-0.4209201190203704,-0.4680704966811623,-0.4891279468986034,-0.3658350499732963,-0.4868390936140989,-0.4529640650034329,-0.2030212863355454,-0.4785992217898829,0.2323186083772034,90.9609375
-0.5478751812008846,-0.5582513160906382,-0.1233691920347901,-0.6589608606088346,-0.4691386282139311,-0.6328679331654837,-0.5785458152132446,-0.5140001525902186,-0.3644617380025936,-0.3725490196078427,-0.4570840009155409,-0.597619592584115,-0.508049134050507,-0.2140077821011669,-0.2652780956740669,-0.3789578088044552,-0.5518425268940257,-0.3685816739147017,-0.2867933165484088,0.0270847638666365,-0.3012893873502704,-0.4123750667582204,-0.5533684290836953,-0.4528114747844659,-0.4999618524452578,-0.5208667124437321,-0.3977264057373918,-0.5185778591592275,-0.4848554207675284,-0.235065232318608,-0.5104905775539784,0.1998168917372401,90.96875
-0.5796139467460132,-0.5899900816357667,-0.1554131380178526,-0.6905470359349962,-0.5010299839780267,-0.6644541084916453,-0.6102845807583731,-0.5457389181353471,-0.3963530937666891,-0.4044403753719383,-0.4888227664606694,-0.6292057679102766,-0.5397878995956356,-0.2460517280842294,-0.2973220416571294,-0.4108491645685507,-0.5835812924391542,-0.4004730296787972,-0.3188372625314713,-0.0049591821164259,-0.3333333333333329,-0.4442664225223159,-0.5851071946288239,-0.4845502403295945,-0.5317006179903865,-0.5527580682078275,-0.4296177615014874,-0.550316624704356,-0.5165941863126571,-0.2671091783016704,-0.529411764705882,0.1673151750972767,90.9765625
-0.546196688792248,-0.5565728236820017,-0.1226062409399553,-0.6569771877622641,-0.4677653162432284,-0.6310368505378802,-0.5768673228046078,-0.512321660181582,-0.3632410162508579,-0.371328297856107,-0.4555580987258713,-0.5957885099565114,-0.5063706416418704,-0.2320134279392687,-0.2822156099793999,-0.3873502708476383,-0.5501640344853892,-0.3719386587319749,-0.2933546959639883,0.0203707942320901,-0.3002212558175017,-0.4110017547875177,-0.5518425268940257,-0.4512855725947963,-0.4984359502555882,-0.5193408102540624,-0.3963530937666891,-0.5170519569695579,-0.4833295185778588,-0.2339971007858392,-0.4961470969710838,0.199969481956207,90.984375
-0.5431448844129088,-0.5472648203250168,-0.1546501869230178,-0.6794079499504078,-0.4345006485084302,-0.6206607156481266,-0.5736629282063016,-0.5159838254367892,-0.3388265812161437,-0.3719386587319749,-0.4685282673380632,-0.6008239871824212,-0.5115587090867472,-0.2614633401998928,-0.2762645914396883,-0.3916227969787133,-0.5501640344853892,-0.3760585946440829,-0.2884718089570454,0.0070954451819642,-0.3279926756694892,-0.4331273365377275,-0.555352101930266,-0.4673075455863275,-0.4969100480659186,-0.5208667124437321,-0.3975738155184248,-0.5170519569695579,-0.4843976501106275,-0.2281986724650946,-0.5278858625162124,0.2326237888151374,90.9921875
-0.5748836499580373,-0.5790035858701453,-0.1868467231250472,-0.7053482871747917,-0.4662394140535588,-0.6523994811932552,-0.6054016937514302,-0.5477225909819178,-0.3707179369802392,-0.4038300144960704,-0.5002670328831919,-0.6325627527275498,-0.5432974746318757,-0.2899977111467151,-0.3015945677882043,-0.4235141527428088,-0.5819028000305178,-0.4079499504081784,-0.320515754940108,-0.0188448920424196,-0.3579003585870142,-0.4650186923018231,-0.5870908674753945,-0.4990463111314561,-0.5286488136110471,-0.5526054779888606,-0.4294651712825204,-0.5487907225146864,-0.5161364156557561,-0.2602426184481571,-0.559624628061341,0.200122072175174,91.0
-0.5516899366750588,-0.5661860074769204,-0.153887235828183,-0.6719310292210267,-0.4894331273365373,-0.6409552147707328,-0.5837338826581213,-0.516899366750591,-0.3821622034027614,-0.3881132219424731,-0.4670023651483936,-0.6021972991531239,-0.5126268406195159,-0.2568856336308838,-0.2684824902723731,-0.4061188677805749,-0.5577935454337374,-0.4015411612115659,-0.3247882810711829,-0.0055695429922937,-0.3247882810711829,-0.4317540245670249,-0.5582513160906382,-0.4657816433966579,-0.5019455252918285,-0.52498664835584,-0.3992523079270615,-0.5210193026626989,-0.4889753566796364,-0.2440680552376588,-0.5288014038300142,0.1676203555352106,91.0078125
-0.5184252689402606,-0.5327687495231552,-0.1398489356832223,-0.6763561455710685,-0.4561684596017391,-0.6075379568169677,-0.5504692149233231,-0.4836346990157927,-0.3488975356679633,-0.3548485542076749,-0.4337376974135954,-0.5687800411993588,-0.4792095826657507,-0.2365911345082776,-0.264667734798199,-0.3899443045700766,-0.5243762874799721,-0.3867399099717704,-0.3086137178606847,-0.0199130235751884,-0.3208209353780419,-0.4180209048599981,-0.5280384527351792,-0.443808651865415,-0.4686808575570302,-0.4915693904020748,-0.3701075761043713,-0.4912642099641409,-0.4624246585793847,-0.2330815594720374,-0.512474250400549,0.200274662394141,91.015625
-0.5501640344853892,-0.5645075150682838,-0.1720454718852517,-0.7079423208972302,-0.4848554207675284,-0.6391241321431292,-0.5820553902494846,-0.5153734645609213,-0.3507286182955668,-0.3704127565423052,-0.4656290531776909,-0.6005188067444873,-0.5111009384298463,-0.2686350804913401,-0.2967116807812615,-0.4218356603341722,-0.5561150530251007,-0.4180209048599981,-0.3308918898298615,-0.0403601129167616,-0.3528648813611044,-0.4499122606240936,-0.5597772182803078,-0.4755474174105435,-0.5005722133211258,-0.5234607461661703,-0.4019989318684668,-0.5231555657282364,-0.4941634241245132,-0.2651255054550999,-0.5442130159456775,0.2327763790341043,91.0234375
-0.5782406347753106,-0.5962462806134123,-0.1554131380178526,-0.7071793698023953,-0.5165941863126571,-0.6708628976882578,-0.6137941557946132,-0.5440604257267105,-0.3826199740596623,-0.4023041123064008,-0.4901960784313721,-0.6214236667429613,-0.5310902571145185,-0.2780956740672919,-0.3040360112916758,-0.4192416266117338,-0.5730525673304337,-0.4120698863202864,-0.3258564126039517,-0.0075532158388643,-0.3397421225299454,-0.4442664225223159,-0.5796139467460132,-0.4843976501106275,-0.5286488136110471,-0.55062180514229,-0.4338902876325624,-0.5486381322957196,-0.5161364156557561,-0.2852674143587392,-0.5138475623712516,0.2111085679407954,91.03125
-0.5449759670405123,-0.5628290226596472,-0.1224536507209883,-0.6737621118486302,-0.4833295185778588,-0.6372930495155257,-0.5803768978408481,-0.5107957579919123,-0.3493553063248641,-0.3711757076371401,-0.4569314106965739,-0.5880064087891963,-0.4976729991607534,-0.2451361867704276,-0.2709239337758445,-0.3861295490959026,-0.5396353093766686,-0.3788052185854882,-0.2927443350881205,0.025101091020066,-0.3064774547951472,-0.4110017547875177,-0.546349279011215,-0.4511329823758293,-0.4953841458762489,-0.5172045471885249,-0.4007782101167311,-0.5153734645609213,-0.4828717479209579,-0.2523079270618749,-0.4805828946364534,0.1892881666285195,91.0390625
-0.5115587090867472,-0.5295643549248489,-0.0894941634241241,-0.640344853894865,-0.4500648508430606,-0.6038757915617605,-0.5471122301060499,-0.4775310902571141,-0.3162432288090329,-0.3380636301213088,-0.4236667429617757,-0.5547417410543981,-0.4644083314259552,-0.2120241092545963,-0.2378118562600133,-0.3528648813611044,-0.5063706416418704,-0.345693141069657,-0.2596322575722892,0.0579079880979633,-0.273517967498283,-0.3778896772716865,-0.5129320210574498,-0.4178683146410311,-0.4621194781414507,-0.4839398794537266,-0.3675135423819329,-0.482108796826123,-0.4496070801861597,-0.2191958495460436,-0.4473182269016552,0.2219424734874499,91.046875
-0.5432974746318757,-0.5613031204699774,-0.0827801937895776,-0.6534676127260238,-0.4819562066071561,-0.6356145571068891,-0.5786984054322114,-0.5062180514229034,-0.3482871747920954,-0.3488975356679633,-0.4555580987258713,-0.5863279163805596,-0.4962996871900507,-0.2399481193255508,-0.2698558022430758,-0.3849088273441668,-0.538109407186999,-0.3775844968337525,-0.2916762035553517,0.0357824063477535,-0.3054093232623785,-0.409781033035782,-0.5446707866025784,-0.4497596704051266,-0.4938582436865793,-0.5156786449988553,-0.3994048981460285,-0.5138475623712516,-0.4814984359502552,-0.2512397955291062,-0.4792095826657507,0.2446784161135275,91.0546875
-0.5750362401770043,-0.593041886015106,-0.1149767299916071,-0.6850537880521855,-0.5136949721522847,-0.6672007324330507,-0.61043717097734,-0.537956816968032,-0.3801785305561909,-0.3809414816510257,-0.4872968642709998,-0.6180666819256881,-0.5280384527351792,-0.2719920653086133,-0.3018997482261383,-0.4168001831082624,-0.5698481727321275,-0.4094758525978481,-0.3237201495384142,0.0034332799267571,-0.337453269245441,-0.4416723887998775,-0.576409552147707,-0.4814984359502552,-0.5257495994506749,-0.5474174105439839,-0.431296253910124,-0.5455863279163802,-0.5132372014953838,-0.2832837415121687,-0.5109483482108793,0.2121766994735641,91.0625
-0.5565728236820017,-0.5642023346303499,-0.1384756237125196,-0.7038223849851221,-0.4804303044174864,-0.6424811169604024,-0.6037232013427936,-0.5405508506904704,-0.3614099336232543,-0.3876554512855722,-0.4868390936140989,-0.6076905470359346,-0.5208667124437321,-0.2881666285191115,-0.2872510872053097,-0.3907072556649115,-0.5518425268940257,-0.3763637750820168,-0.290608072022583,0.0183871213855196,-0.3043411917296097,-0.4084077210650793,-0.5436026550698096,-0.448233768215457,-0.5005722133211258,-0.5176623178454257,-0.414053559166857,-0.5230029755092696,-0.4947737850003811,-0.2675669489585713,-0.520714122224765,0.2098878461890597,91.0703125
-0.5231555657282364,-0.5309376668955517,-0.1055161364156553,-0.6704051270313569,-0.4471656366826883,-0.6090638590066373,-0.5703059433890284,-0.5071335927367052,-0.3281452658884561,-0.354543373769741,-0.4535744258793007,-0.5742732890821695,-0.4876020447089337,-0.2550545510032803,-0.2541390096894785,-0.3575951781490802,-0.5184252689402606,-0.3430991073472186,-0.2574959945067517,0.0510414282444499,-0.2712291142137785,-0.3751430533302811,-0.5103379873350115,-0.4149691004806588,-0.4673075455863275,-0.4843976501106275,-0.3807888914320588,-0.4897383077744712,-0.4615091172655829,-0.2346074616617071,-0.4874494544899668,0.24254215304799,91.078125
-0.554894331273365,-0.5626764324406802,-0.1264209964141294,-0.6763561455710685,-0.4789044022278168,-0.640802624551766,-0.5968566414892802,-0.5262073701075757,-0.3534752422369722,-0.3684290836957347,-0.4726482032501712,-0.6044861524376284,-0.5193408102540624,-0.2660410467689017,-0.286182955672541,-0.3894865339131758,-0.550316624704356,-0.3751430533302811,-0.2895399404898142,0.0188448920424205,-0.3032730601968409,-0.4070344090943766,-0.54207675288014,-0.4468604562447543,-0.4990463111314561,-0.5161364156557561,-0.4085603112840463,-0.5214770733195999,-0.49080643930724,-0.2558175020981151,-0.4776836804760811,0.2100404364080267,91.0859375
-0.580987258716716,-0.580529488059815,-0.1416800183108258,-0.6710154879072248,-0.5107957579919123,-0.6693369954985882,-0.6209658960860606,-0.5436026550698096,-0.3792629892423891,-0.3850614175631338,-0.4848554207675284,-0.6269169146257721,-0.533684290836957,-0.2765697718776223,-0.3095292591744865,-0.4172579537651633,-0.5712214847028302,-0.3936064698252838,-0.3096818493934535,-0.0061799038681616,-0.311665522240024,-0.4219882505531391,-0.5579461356527042,-0.4613565270466159,-0.5185778591592275,-0.5161364156557561,-0.4404516670481418,-0.5466544594491489,-0.5133897917143507,-0.2530708781567097,-0.4654764629587239,0.1775387197680633,91.09375
-0.5712214847028302,-0.5783932249942775,-0.1358815899900812,-0.6678110933089185,-0.4847028305485614,-0.6589608606088346,-0.6095216296635382,-0.5306324864576177,-0.3835355153734642,-0.3723964293888758,-0.4778362706950481,-0.618677042801556,-0.5208667124437321,-0.2675669489585713,-0.2922865644312196,-0.3911650263218124,-0.5577935454337374,-0.3624780651560231,-0.2930495155260544,0.0034332799267571,-0.2883192187380785,-0.4036774242771034,-0.5538261997405963,-0.4552529182879373,-0.5077439536125731,-0.508049134050507,-0.4502174410620275,-0.5449759670405123,-0.5138475623712516,-0.2588693064774544,-0.4818036163881891,0.208667124437324,91.1015625
-0.6029602502479587,-0.610131990539406,-0.1680781261921106,-0.6993972686350801,-0.51644159609369,-0.6905470359349962,-0.6411078049896999,-0.5625238422217133,-0.4154268711375597,-0.4042877851529713,-0.5095750362401766,-0.6502632181277177,-0.5526054779888606,-0.2996108949416338,-0.324330510414282,-0.4230563820859079,-0.5895323109788659,-0.3943694209201186,-0.3249408712901499,-0.0287632562752723,-0.320210574502174,-0.435568780041199,-0.5854123750667578,-0.4869916838330659,-0.5396353093766686,-0.5397878995956356,-0.482108796826123,-0.5767147325856409,-0.5455863279163802,-0.2909132524605169,-0.5136949721522847,0.1996643015182731,91.109375
-0.5747310597390703,-0.5767147325856409,-0.1351186388952464,-0.6879530022125578,-0.5175097276264589,-0.6734569314106963,-0.6241702906843667,-0.558861676966506,-0.3821622034027614,-0.4007782101167311,-0.4850080109864954,-0.6168459601739524,-0.5213244831006328,-0.2803845273517963,-0.2977798123140303,-0.4032196536202025,-0.5576409552147703,-0.3612573434042874,-0.2918287937743187,0.003891050583658,-0.298847943846799,-0.4044403753719383,-0.5521477073319596,-0.4537270160982677,-0.5077439536125731,-0.5063706416418704,-0.4488441290913249,-0.5434500648508427,-0.512321660181582,-0.2578011749446857,-0.4804303044174864,0.2323186083772034,91.1171875
-0.5413138017853052,-0.5432974746318757,-0.1021591515983821,-0.6545357442587927,-0.4840924696726936,-0.640039673456931,-0.5907530327306016,-0.525444419012741,-0.3490501258869302,-0.3675135423819329,-0.4517433432516972,-0.5834287022201874,-0.4879072251468677,-0.2472724498359651,-0.264667734798199,-0.3699549858854044,-0.5243762874799721,-0.3281452658884561,-0.2588693064774544,0.0366979476615553,-0.2658884565499347,-0.3711757076371401,-0.5187304493781946,-0.4204623483634695,-0.4744792858777748,-0.4731059739070721,-0.4155794613565267,-0.5100328068970775,-0.4790569924467838,-0.2248416876478214,-0.4470130464637213,0.2648203250171668,91.125
-0.5274280918593114,-0.5443656061646445,-0.1276417181658651,-0.6272220950637061,-0.4508278019378954,-0.6090638590066373,-0.5686274509803918,-0.4947737850003811,-0.350118257419699,-0.3389791714351106,-0.4456397344930186,-0.5782406347753106,-0.4833295185778588,-0.2373540856031124,-0.269092851148241,-0.3579003585870142,-0.5120164797436481,-0.3389791714351106,-0.2820630197604329,0.0043488212405589,-0.2660410467689017,-0.3785000381475543,-0.5326161593041883,-0.435416189822232,-0.4679179064621954,-0.4802777141985195,-0.4157320515754936,-0.5043869687952999,-0.4749370565346757,-0.2271305409323258,-0.4789044022278168,0.2323186083772034,91.1328125
-0.5591668574044399,-0.576104371709773,-0.1598382543678946,-0.6589608606088346,-0.4827191577019909,-0.640802624551766,-0.6003662165255204,-0.5265125505455096,-0.3821622034027614,-0.3710231174181731,-0.4775310902571141,-0.6099794003204392,-0.5152208743419543,-0.2693980315861749,-0.3011367971313035,-0.3897917143511097,-0.5437552452887766,-0.3710231174181731,-0.3141069657434954,-0.0276951247425035,-0.2980849927519642,-0.4103913939116498,-0.5643549248493168,-0.4673075455863275,-0.4996566720073239,-0.512169069962615,-0.4474708171206222,-0.5362783245593954,-0.5066758220798043,-0.2591744869153883,-0.5106431677729454,0.1998168917372401,91.140625
-0.5730525673304337,-0.5831235217822535,-0.1268787670710303,-0.6792553597314409,-0.5144579232471195,-0.6723887998779274,-0.6227969787136641,-0.55062180514229,-0.3827725642786294,-0.3936064698252838,-0.4851606012054623,-0.6185244525825891,-0.5202563515678642,-0.2854200045777061,-0.2828259708552678,-0.3852140077821008,-0.5576409552147703,-0.3470664530403597,-0.2825207904173338,0.0049591821164267,-0.2993057145036999,-0.40535591668574,-0.5611505302510106,-0.4622720683604177,-0.5161364156557561,-0.5095750362401766,-0.4598306248569462,-0.546501869230182,-0.5175097276264589,-0.2677195391775383,-0.4773785000381472,0.2210269321736481,91.1484375
